stuId,stuEnroll,stuCollegeId,stuTitle,stuFirstname,stuMiddlename,stuLastname,stuPerAddress,stuPerCity,stuPerState,stuPerCountry,stuPerPincode,stuCurrAddress,stuCurrCity,stuCurrState,stuCurrCountry,stuCurrPincode,stuGender,stuDob,stuAdmissiondate,stuEmail,stuMobile,stuBloodgroup,stuReligion,stuNationality,stuCategory,studentFatherFname,studentFatherMname,studentFatherLname,studentFatherOccupation,studentFatherContact,studentFatherAnnualIncome,studentMotherFname,studentMotherMname,studentMotherLname
0,160410107028,16BECEG029,Mr.,Umang,Sureshbhai,Gajjar,"28,Krishna Park Society, Near Canal, Jashodanagar Road, Maninagar east, Ahmedabad - 382445",Ahmedabad,Gujarat,India,382245,"28,Krishna Park Society, Near Canal, Jashodanagar Road, Maninagar east, Ahmedabad - 382445",Ahmedabad,Gujarat,India,382445,Male,1998-10-09,2016-08-04,umang.160410107028@gmail.com,8460058774,B+,Hindu,Indian,SEBC,Sureshbhai,Vitthalbhai ,Gajjar,Business,9426646060,124000,Sonaliben,Sureshbhai,Gajjar
0,160410107124,16becev129,Mr.,Sandeep,Mahipal,Sharma,A/103 Bhagyalaxmi township near kamla nagar ajwa road Vadodara,Vadodara,Gujarat,India,390019,A/103 Bhagyalaxmi township near kamla nagar ajwa road Vadodara,Vadodara,Gujarat,India,390019,Male,1999-03-09,2016-08-04,sandeep.160410107124@gmail.com,9033580032,A+,Hindu,Indian,Open,Mahipal,Deviram,Sharma,Bussiness,9327243349,500000,Sunehri,Mahipal,Sharma
0,160410107063,16BECEV123,Ms.,Anuja,Hemant,Parikh,"8, Pratham Upvan, Sun Pharma road, Tandalja, Vadodara - 390012",Vadodara,Gujarat,India,390012,"8, Pratham Upvan, Sun Pharma road, Tandalja, Vadodara - 390012",Vadodara,Gujarat,India,390012,Female,1998-10-17,2016-08-04,anuja.160410107063@gmail.com,9428614840,A+,Hindu,Indian,Open,Hemant,Kanjibhai,Parikh,Self Employed,9898066422,200000,Trupti,Hemant,Parikh
0,160410107080,16becev114,Mr.,Kaushal,Lomesh,Patel,"18,aaditya bunglows, chhani jakatnaka, vadodara",Vadodara,Gujarat,India,390002,"18,aaditya bunglows, chhani jakatnaka, vadodara",Vadodara,Gujarat,India,390002,Male,1998-03-08,2016-04-04,kaushal.160410107080@gmail.com,7016941330,A+,Hindu,Indian,Open,Lomesh,Gordhan,Patel,Job,9714419446,345000,Vandana,Lomesh,Patel
0,160410107029,16BECEG024,Mr.,Urvish,Upendrakumar,Gajjar,"C-102 Shree Siddheshwar Happy Homes, Motnath Road, Harni, Vadodara",Vadodara,Gujarat,India,390022,same as above,Vadodara,Gujarat,India,390022,Male,1999-04-19,2019-08-04,urvish.160410107029@gmail.com,6352811600,B+,Hindu,Indian,SEBC,Upendra,Dashrathbhai,Gajjar,JOB,9724849509,1275000,Hetal,Upndrakumar ,Gajjar
0,160410107109,16beceg132,Mr.,Rudakiya,Parthik,Shaileshbhai,"B-7, Matru Chhaya Society, Near Ganga Jamna Society, Nana Varachha, Surat-6",Surat,Gujarat,India,395006,"23, Vrajdham Society, TP-13, Chhani Jakatnaka, Vadodara",Vadodara,Gujarat,India,391740,Male,1999-06-21,2016-08-04,parthikr.160410107109@gmail.com,8758423787,A-,Hindu,Indian,Open,Rudakiya,Shaileshbhai,Shambhubhai,Businessman,8758423787,120000,Rudakiya,Kanchanben,Shaileshbhai
0,170413107013,217BECEG04,Mr.,Yakshkumar,Jagdishbhai,Jethva,"10/119, vishvanagar flats, opp. Amdavadi bazar, Nadiad - 387001",Nadiad,Gujarat,India,387001,"10/119, vishvanagar flats, opp. Amdavadi bazar, Nadiad - 387001",Nadiad,Gujarat,India,387001,Male,1999-08-19,2017-07-20,yaksh.beceg004@gmail.com,8140053002,O+,Hindu,Indian,SEBC,Jagdishbhai,Keshavlal,Jethva,Tailoring,6351570188,150000,Alpaben,Jagdishbhai,Jethva
0,170413107027,217BECEG11,Mr.,Abhishek,Bhagwanji bhai,Vaja,"102, Mahinagar Society, Opp. Gayatri School, Gotri",Vadodara,Gujarat,India,390021,"102, Mahinagar Society, Opp. Gayatri School, Gotri",Vadodara,Gujarat,India,390021,Male,1998-11-03,2017-07-20,abvaja31198@gmail.com,7567663308,O+,Hindu,Indian,SEBC,Bhagwanji bhai,Jivan Bhai ,Vaja,Business,7990459244,120000,Bharti ben,Bhagwanji bhai,Vaja
0,160410107140,16becei142,Mr.,Md Mainuddin,Shamsuddin,Hasan,"464/A bondhunibas society, Rampura, Dhaka 1219",Dhaka,Dhaka,Bangladesh,1219,"37 sundarvan society, svit college road,vasad 388306",Vasad,Gujarat,India,388306,Male,1997-07-18,2016-07-01,hasan.160410107140@gmail.com,8128013382,O+,Muslim,Other,Open,Shamsuddin ,Abdul latif,Ahmed,Government  Officer (RTD),8.80168E+12,420000,Ferdaus ,Nill,Akter
0,160410107117,16beceg010,Mr.,Khanjan,Jayraj,Shah,Desai wada chella fadia.,Dahod,Gujarat,India,389151,"212,Rajkamal hostel nanabazar, vvnagar",Anand,Gujarat,India,388110,Male,1998-10-01,2016-08-04,khanjanshah007@gmail.com,8128122711,O-,Hindu,Indian,Open,Jayraj,Kannaiyalal,Shah,Business,6351082499,200000,Jigisha,Jayraj,Shah
0,160410107082,16BECEG034,Ms.,Krishna,Pravinkumar,Patel,"2, Monali Society Part-1 Near Wagheshwari Society VIP Road Karelibaug Vadodara",Vadodara,Gujarat,India,390018,"2, Monali Society Part-1 Near Wagheshwari Society VIP Road Karelibaug Vadodara",Vadodara,Gujarat,India,390018,Female,1999-01-01,2016-08-04,krishna.160410107082@gmail.com,9426411844,O+,Hindu,Indian,Open,Pravinkumar,Gordhandas,Patel,Teacher,9099040707,200000,Sonal,Pravinkumar,Patel
0,160410107024,16BECEG070,Mr.,Sneh,Nitin,Desai,"306, Sanket Apt., Near College Road, Tithal Road, Valsad",Valsad,Gujarat,India,396001,"D-8, Associated Society, Near, Radhakrishna Char Rasta, Akota, Vadodara",Vadodara,Gujarat,India,390020,Male,1997-11-09,2019-08-14,sneh.160410107024@gmail.com,7096328853,B+,Hindu,Indian,Open,Nitin,Thakorbhai,Desai,Service,8347033833,350000,Alpa,Nitin,Desai
0,170413107009,217beceg09,Mr.,Yashraj,Girish,Dusane,"103 VISHWAMURTI COLONY NEAR KHENDERAO MARKET, SIDDHNATH TALAVE, VADODARA -390001",Vadodara,Gujarat,India,390001,"103 VISHWAMURTI COLONY NEAR KHENDERAO MARKET, SIDDHNATH TALAVE, VADODARA -390001",Vadodara,Gujarat,India,390001,Male,1998-04-16,2017-08-20,yashraj98dusane@gmail.com,9601622743,O+,Hindu,Indian,Open,Girish,Dattatray,Dusane,Business,9601622743,700000,Vinita,Girish,Dusane
0,160410107103,"Svit,vasad",Mr.,Ravi,Prahladbbai,Prajapati,"B-16 mangalmurti society, new sama road, vadodara",Vadodara,Gujarat,India,390024,"B-16 mangalmurti society, new sama road, vadodara",Vadodara,Gujarat,India,390024,Male,1998-11-17,2016-08-04,ravi.160410107103@gmail.com,7043606050,B+,Hindu,Indian,SEBC,Prahladbbai,Savabhai,Prajapati,Job,9974700908,1200000,Leelaben,Prahladbbai,Prajapati
0,160410107090,16beceg013,Ms.,Richa,Rajesh,Patel,3 vrundavan society Brahmin street Jalalpore ,Navsari,Gujarat,India,396421,"1
Matrushree kamlaba girls hostel",Vasad,Gujarat,India,388306,Female,1998-05-09,2016-08-04,richa.16beceg013@gmail.com,8980686646,B+,Hindu,Indian,SEBC,Richa,rajesh,Patel,Service,9712413047,360000,Jayshree ,rajesh,Patel
0,170413107010,217beceg20,Ms.,Aesha,Kiritsinh,Gohil,"Near Railway Crossing,At:Rupapura,Post: Nandesari",Vadodara,Gujarat,India,391340,"Near Railway Crossing,At:Rupapura,Post: Nandesari",Vadodara,Gujarat,India,391340,Female,1998-05-23,2017-08-05,aesha.217beceg020@gmail.com,9427658358,O+,Hindu,Indian,Open,Kiritsinh,Mansinh,Gohil,Contractor,9722171611,200000,Jayshreeben,Kiritsinh,Gohil
0,160410107065,16BECEV127,Ms.,Manvi,Biren,Parikh,"A/102, Sunbeam Apartment, B/H Jaldhara Complex, Vasna Road, Vadodara-390007",Vadodara,Gujarat,India,390007,"A/102, Sunbeam Apartment, B/H Jaldhara Complex, Vasna Road, Vadodara-390007",Vadodara,Gujarat,India,390007,Female,1998-06-28,2019-08-04,manvi.160410107065@gmail.com,9974415273,B+,Hindu,Indian,Open,Biren,Narayanbhai,Parikh,Service,9879592468,1000000,Nidhi,Biren,Parikh
0,160410107083,16beceg040,Mr.,Patel,Krutarth,Kalpeshbhai,"7-pushpkunj society, near Amar cars, Alembic Rod, Gorwa",Vadodara,Gujarat,India,390003,"7-pushpkunj society, near Amar cars, Alembic Rod, Gorwa",Vadodara,Gujarat,India,390003,Male,2019-05-27,2016-06-04,krutarth.160410107083@gmail.com,9725251055,O+,Hindu,Indian,Open,Patel,Kalpesh,Jagdishchandra ,Job,9898095951,800000,Patel,Ragini,Kalpesh
0,170413107006,217beceg10,Ms.,Vaishnavi,Lomesh,Brahmbhatt,"57,vinit park society opp Shivam flat manjalpur vadodara",Vadodara,Gujarat,India,390011,"57,vinit park society opp Shivam flat manjalpur vadodara",Vadodara,Gujarat,India,390011,Female,1998-05-26,2017-08-05,vaishnavi.217beceg010@gmail.com,8511166443,A+,Hindu,Indian,Open,Lomesh ,Pravinchandra,Brahmbhatt,Job,7984235410,300000,Vandna,Lomesh,Brahmbhatt
0,160410107121,16BECEG064,Mr.,Paurav,Nimishkumar,Shah,"19, Minaxi Society, Nr. Lions Hall, Opp. Jain Derasar, Race Course Circle, Vadodara. ",Vadodara,Gujarat,India,390007,"19, Minaxi Society, Nr. Lions Hall, Opp. Jain Derasar, Race Course Circle, Vadodara. ",Vadodara,Gujarat,India,390007,Male,1998-04-11,2016-07-29,paurav.160410107121@gmail.com,9727740289,B+,Jain,Indian,Open,Nimishkumar,Maheshkumar,Shah,Graphics Designer,9924239989,600000,Niyati,Nimishkumar,Shah
0,160410107085,16BECEG049,Mr.,Miken,Dilipbhai,Patel,Opp SARASWATI MILL MEGHVA ROAD ,Pansora,Gujarat,India,388220,Opp SARASWATI MILL MEGHVA ROAD,Pansora,Gujarat,India,388220,Male,1998-12-10,2019-08-07,mikenpatel001@gmail.com,9638834463,AB-,Hindu,Indian,Open,Dilipbhai,Ravjibhai,Patel,Farmer,9638834463,130000,Dhanlaxmi ben,Dilipbhai,Patel
0,170413107004,217beceg24,Ms.,Mahima,Pareshbhai,Bhatt,"Laxmi Narayan mandir,near apna bazar,bank road,Mandvi, Vadodara",Vadodara,Gujarat,India,390006,"Laxmi Narayan mandir,near apna bazar,bank road,Mandvi, Vadodara",Vadodara,Gujarat,India,390006,Female,1999-05-23,2017-06-17,bmahima45@gmail.com,9328714386,B-,Hindu,Indian,Open,Paresh ,Jayeshbhai,Bhatt,Accountant,9328714385,225000,Mamta,Paresh,Bhatt
0,160410107110,16BECEG031,Mr.,Rushabh,Hemant,Shah,A-330 shantinath Apartment Shantadevi road ,Navsari,Gujarat,India,396445,Vasudham society,Vasad,Gujarat,India,388306,Male,1998-10-02,2016-07-31,rushabh.160410107110@gmail.com,9374490403,O+,Jain,Indian,Open,Hemant,Nanchand,Shah,Marketing,9427575052,270000,Swati ,Hemant,Shah
0,160410107099,16BECEV117,Mr.,Yashkumar,Pravinbhai,Patel,"B,43 Vrajdham Society, New VIP Road,Vadodara-390022",Vadodara,Gujarat,India,390022,"B,43 Vrajdham Society, New VIP Road,Vadodara-390022",Vadodara,Gujarat,India,390022,Male,1998-06-07,2016-04-08,yash.160410107099@gmail.com,9601490139,AB+,Hindu,Indian,Open,Pravinbhai,Punamchand,Patel,Service,8511156180,672000,Ketanaben,Pravinbhai,Patel
0,160410107073,16beceg005,Mr.,Dikshitkumar,Vinayak,Patel,"7, Gayatri Society , Dakor",Dakor,Gujarat,India,388225,"7, Gayatri Society , Dakor",Dakor,Gujarat,India,388225,Male,1999-07-07,2016-07-07,dikshit.160410107073@gmail.com,9099462996,AB+,Hindu ,Indian,EBC,Vinayak,Ambalal,Patel,Farmer,9924947815,100000,Kashmiraben,Vinayak,Patel
0,160410107092,16becev119,Ms.,Riya,Nimishbhai ,Patel,Moti Khadki ,Vasad,Gujarat,India,388306,Moti Khadki ,Vasad,Gujarat,India,388306,Female,1999-07-03,2016-04-08,riyapatel.160410107092@gmail.com,8469423345,B+,Hindu,Indian,Open,Nimishbhai ,Pinakinbhai,Patel ,Farmer,9712697268,200000,Varshaben,Nimishbhai ,Patel
0,160410107074,16becef007,Mr.,Divyang,Narendrabhai,Patel,"Rajput faliyu, vadhvana.",Vadodara,Gujarat,India,391110,"B 14 prabhudas park, dabhoi",Vadodara,Gujarat,India,391110,Male,1998-07-16,2016-08-04,divyang.160410107074@gmail.com,7624095707,B-,Hindu,Indian,EBC,Narendrabhai patel,Narendrabhai patel,Narendrabhai patel,Farmer,9375950693,150000,Meenaben,Narendrabhai,Patel
0,160410107007,16beceg103,Mr.,Dipesh,Shantilal,Bambhaniya,"Oswal 2, sree ji hall road, plot no 41/2, jamnagar",Vasad,Gujarat,India,361006,"Silalekh hostel,near Svit, vasad",Vasad,Gujarat,India,388306,Male,1998-10-05,2016-08-10,dipesh.160410107007@gmail.com,9712025029,B+,Hindu,Indian,SEBC,Shantilal,Dhanjibhai,Bambhaniya,-,9726770484,60000,Ramilaben,Shantilal,Bambhaniya
0,170413107015,217becef06,Mr.,Dhruv,Hemlesh ,Mehta,"Mandir faliya, rankuwa,chikhli, Navsari, Gujarat",Navsari,Gujarat,India,396560,"B-4, PARSHNATH SOCIETY, NEAR NIZAMPURA ATITHIGRUH

MAHESANA NAGAR CIRCLE,

Vadodara, GUJARAT 390024",Vadodara,Gujarat,India,390002,Male,1998-08-05,2017-08-21,mehtadhruv003@gmail.com,9727495366,AB+,Hindu,Indian,Open,Hemlesh,Balkrushna,Mehta,Farmar,9727495366,50000,Dharmishta,Hemlesh,Mehta
0,170413107016,217beceg26,Mr.,Vraj,Bankim,Panchal,"""Shantakunj"", Above JayBharat elec. , mangal bazar, Vadodara",Vadodara,Gujarat,India,390001,"""Shantakunj"" , Above JayBharat elec. , mangal bazar, vadodara",Vadodara,Gujarat,India,390001,Male,1998-02-06,2017-08-25,panchalvraj06@gmail.com,9016954682,B+,Hindu,Indian,SEBC,Bankim,Bakulchandra,Panchal,Job ,9016954682,150000,Manisha,Bankim,Panchal
0,170413107012,17BECEG024,Ms.,Gunjan,SunilKumar,Hemrajani,7 Ambika Niketan Soc B/H old RTO road warasiya,Vadodara,Gujarat,India,390006,7 Ambika Niketan Soc B/H old RTO road warasiya,Vadodara,Gujarat,India,390006,Female,1998-07-11,2017-07-20,hemrajanigunjan3@gmail.com,9726771211,O-,Hindu,Indian,Open,Sunil,Somandas,Hemrajani,Business,9924296916,500000,Kavita,SunilKumar,Hemrajani
0,170413107017,217beceg18,Mr.,Nirav,Kamlesh,Pandya,6 ankur society sanskar nagar bhuj,Bhuj,Gujarat,India,370001,14 GANRAJ DUPLEX OPP GHELANI PETROL PUMP NIZAMPURA,Vadodara,Gujarat,India,390002,Male,1998-11-20,2017-08-03,npandya44@gmail.com,7567127778,O+,Hindu,Indian,Open,Kamlesh,Gaurishankar,Pandya,Businessman,9825055665,450000,Anjana,Kamlesh,Pandya
0,170413107014,17BECEG008,Ms.,KARISMA ,SEBASTIAN,NIL,"14/190 PARISHRAM PARK SOCIETY,NEAR ITI ROAD,GORWA,VADODARA,GUJARAT,390016",Vadodara,Gujarat,India,390016,"14/190 PARISHRAM PARK SOCIETY,NEAR ITI ROAD,GORWA,VADODARA,GUJARAT,390016",Vadodara,Gujarat,India,390016,Female,1995-08-13,2017-07-20,karisma13081995@gmail.com,7096672792,O+,Chritian,Indian,Open,K.A SEBASTIAN,ANTHAPPAI,NIL,CONTRACTOR,9427539113,600000,SHILJA,SEBASTIAN,NIL
0,160410107091,16BECEV130,Mr.,Rishabh,Ashish,Patel,"A/302, Vinayak Residency, Waghodia road",Vadodara,Gujarat,India,390025,"A/302, Vinayak Residency, Waghodia road",Vadodara,Gujarat,India,390025,Male,1998-09-24,2016-07-01,rishabhpatel369@gmail.com,8154888902,A+,Hindu,Indian,Open,Ashish,Manubhai,Patel,None,8154888902,10001,Bhavana,Manu,Patel
0,170413107025,17beceg021,Ms.,Bhargaviben,Jagdishkumar,Shah,"7/451 Bhagvati krupa Old Guj Housing Board , Gorwa ,Vadodara-390003",Vadodara,Gujarat,India,390003,"7/451 Bhagvati krupa Old Guj Housing Board , Gorwa ,Vadodara.",Vadodara,Gujarat,India,390003,Female,1998-03-21,2017-08-23,bhargavishah21@gmail.com,7043384867,A+,Hindu,Indian,Open,Jagdishkumar ,Dineshbhai ,Shah,Job,9099969164,150000,Jayshreeben ,Jagdishkumar,Shah
0,160410107068,16BECEG004,Ms.,Apeksha,Dineshbhai,Parmar,"C-55,Yogi society, near parivar char rasta, waghodia road, vadodara ",Vadodara,Gujarat,India,390019,"C-55,Yogi society, near parivar char rasta, waghodia road, vadodara ",Vadodara,Gujarat,India,390019,Female,1999-07-08,2016-08-04,apeksha.160410107068@gmail.com,7698886013,B+,Hindu,Indian,SC/ST,Dineshbhai,Parsottambhai,Parmar,Business ,7698886013,108000,Pushpaben,Dineshbhai,Parmar
0,160410107070,16BECEG090,Ms.,Shivani,Nitinkumar,Parmar,"D-31, Shivalaya Bunglows, Parivaar Char Rasta, Waghodia Road, Vadodara",Vadodara,Gujarat,India,390019,"D-31, Shivalaya Bunglows, Parivaar Char Rasta, Waghodia Road, Vadodara",Vadodara,Gujarat,India,390019,Female,1998-08-10,2016-08-10,shivani.160410107070@gmail.com,7016771204,O+,Hindu,Indian,SC/ST,Nitinkumar,Babubhai,Parmar,Service,9724336538,700000,Ranjanben,Nitinkumar,Parmar
0,160410107996,16beceg022,Mr.,Patel,Tejas,Shaileshkumar,"E/13 Raghuvir nagar society, near suvas park, new sama road ,Vadodara",Vadodara,Gujarat,India,390024,"E/13 Raghuvir nagar society, near suvas park, new sama road ,Vadodara",Vadodara,Gujarat,India,390024,Male,1998-10-21,2016-07-18,tejas.160410107096@gmail.com,9687054482,A+,Hindu,Indian,Open,Patel ,Shaileshkumar,K.,Job,9687054482,650000,Patel,Geetaben,S.
0,160410107031,16BECEG078,Ms.,Feni,Bharatkumar,Gandhi,"7, Aadarsh colony, Opp.Krishna Cinema, Siddhanath Road, Vadodara.390001",Vadodara,Gujarat,India,390001,"7, Aadarsh colony, Opp.Krishna Cinema, Siddhanath Road, Vadodara.390001",Vadodara,Gujarat,India,390001,Female,1998-08-06,2016-08-04,feni.160410107031@gmail.com,9409491171,B+,Hindu,Indian,SEBC,Bharat,Kanaiyalal,Gandhi,Business,9428305517,150000,Mital,Bharatkumar,Gandhi
0,160410107114,16beceg071,Ms.,DHRUVI,PRANAY,SHAH,"B/45, NARENDRAPARK SOCIETY B/H MENTAL HOSPITAL, KARELIBAUG,VADODARA",Vadodara,Gujarat,India,390018,"B/45, NARENDRAPARK SOCIETY B/H MENTAL HOSPITAL, KARELIBAUG,VADODARA",Vadodara,Gujarat,India,390018,Female,1998-12-20,2016-08-04,iamdhruvi2012@gmail.com,9898115335,O+,Hindu,Indian,Open,PRANAY,DINESH,SHAH,SERVICE,9974281746,500000,SHALU,PRANAY,SHAH
0,160410107084,16BECEF047,Mr.,Meet,Jitendrabhai,Patel,"25,Jay Narayan Kunj Soc., Near Pakakot,Chhani",Vadodara,Gujarat,India,391740,"25,Jay Narayan Kunj Soc., Near Pakakot,Chhani",Vadodara,Gujarat,India,391740,Male,1998-06-28,2016-08-03,meet.160410107084@gmail.com,9727874076,B+,Hindu,Indian,Open,Jitendrabhai,Chimanbhai,Patel,Farmer,7984266833,60000,Urmilben,Jitendrabhai,Patel
0,160410107044,16BECEG030,Mr.,Dhaval,Bharatkumar,Limbachiya,"A-27, Saraswati Nagar Society,near Kailashpati Mahadev temple, New Sama Road, Vadodara",Vadodara,Gujarat,India,390024,"A-17, Saraswati Nagar Society,near Kailashpati Mahadev temple, New Sama Road, Vadodara",Vadodara,Gujarat,India,390024,Male,1998-01-27,2016-07-28,dhaval.160410107044@gmail.com,7490006030,O+,Hindu,Indian,SEBC,Bharatkumar,Manharlal,Limbachiya,Petrochemical engineer,9998216030,500000,Chhaya,Bharatkumar,Limbachiya
0,160410107134,16beceg086,Mr.,Trambadia,Smit,Damodarbhai,"""shri krishna"", Shreenathji Society, Nr.bus stand, Timbavadi, Junagadh",junagadh,Gujarat,India,362001,"A-57, ambica nagar, Nr. New keya motors, canal road, chhani jakatnaka, vadodara",Vadodara,Gujarat,India,390002,Male,1998-04-22,2016-08-04,smit.160410107134@gmail.com,8866235887,B+,Hindu,Indian,Open,Trambadia,Vallabhbhai,Trambadia,Farming,9712813096,150000,Trambadia,Damodarbhai,Trambadia
0,160410107139,16BECEI143,Mr.,Hasib,Ahmad,Khaliqi,"Room/202, Ata e Khawja flats, Sadar Bazar, Fatehgunj, Vadodara","Kabul, Afghanistan",Gujarat,Afghanistan,390002,"Room/202, Ata e Khawja flats, Sadar Bazar, Fatehgunj, Vadodara",Vadodara,Gujarat,India,390002,Male,1997-05-03,2016-07-21,hasibahmadkh@gmail.com,9726697140,B+,Muslim,Other,Open,Abdul Khaliq,Rajab Khan,Khaliqi,Dead,1,11111,Bibi Nafisa,-,Khaliqi
0,160410107039,16BECEG019,Mr.,Geubind,Ashokkumar,Kewalramani,"C-13, Radheshyam society, Near Dayal Nagar, Warasiya, Ring Road, Vadodara-06.",Vadodara,Gujarat,India,390006,"C-13, Radheshyam society, Near Dayal Nagar, Warasiya, Ring Road, Vadodara-06.",Vadodara,Gujarat,India,390006,Male,1999-03-08,2016-07-14,geubind.160410107039@gmail.com,8866102957,A+,Hindu,Indian,Open,Ashokkumar,Bakhatmal ,Kewalramani,Business,7600708441,150000,Manisha,Ashokkumar,Kewalramani
0,160410107130,16BECEG043,Ms.,Maitreyi,Kantilal,Tandel,"D-23, Samruddhi Society, B/H Taksh Complex, Vasna Road",Vadodara,Gujarat,India,390021,"D-23, Samruddhi Society, B/H Taksh Complex, Vasna Road",Vadodara,Gujarat,India,390021,Female,1999-07-16,2016-08-04,maitreyi.160410107130@gmail.com,8140390318,B+,Hindu,Indian,SEBC,Kantilal,Ravjibhai,Tandel,Asst. Professor ,9724118880,900000,Gunvantiben,Kantilal,Tandel
0,160410107030,16BECEV118,Ms.,Drashti,Viralkumar,Gami,"B/16, Shantivilla Residency, SVIT college road, Vasad",Vasad,Gujarat,India,388306,"B/16, Shantivilla Residency, SVIT college road, Vasad",Vasad,Gujarat,India,388306,Female,1999-08-01,2016-09-14,drashtigami.160410107030@gmail.com,8238837403,A+,Hindu,Indian,Open,Viralkumar,Rajendrabhai,Gami,Job,9825625528,400000,Mitalben,Viralkumar,Gami
0,16041017098,16beceg065,Mr.,Virang,Kishorbhai,Patel,"Dhanori, society faliya, valsad
182",Valsad,Gujarat,India,39045,"5B ,Parshvanath society, nizampura, Vadodara",Vadodara,Gujarat,India,390024,Male,1998-09-13,2016-08-13,virang.160410107098@gmail.com,7600005451,B+,Hindu,Indian,SEBC,Kishorbhai,Zinabhai,Patel,Farmer,8320508017,45000,Hemlataben,Kishorbhai,Patel
0,170413107011,17BECEG025,Ms.,Urvi,Babubhai,Gohil,"1471 Ambika nagar,near gaytri nagar gotri road Vadodara ",Vadodara,Gujarat,India,390021,"1471 Ambika nagar,near gaytri nagar gotri road Vadodara ",Vadodara,Gujarat,India,390021,Female,1996-09-05,2017-07-22,gohilurvi05@gmail.com,8200476887,O+,Hindu,Indian,SC,Gohil babubhai,Gohil hirabhai,Gohil,Contractors ,7048568172,115000,Gohil Kalpanaben ,Kalpanaben ,Gohil
0,160410107051,16BECEG073,Ms.,Mitushi,Manoj Kumar,Ananya,"A-13, Rushita Duplex, B/h Iscon Heights, Nr. Signet Plaza,
Kunal Crossing, Gotri road, Vadodara-Gujarat-390021",Vadodara,Gujarat,India,390021,"A-13, Rushita Duplex, B/h Iscon Heights, Nr. Signet Plaza,
Kunal Crossing, Gotri road, Vadodara-Gujarat-390021",Vadodara,Gujarat,India,390021,Female,1998-06-14,2016-08-04,mitushi.160410107051@gmail.com,9725428478,A+,Hindu,Indian,Open,Manoj ,Sheonandan Prasad Singh,Kumar,Service (State Bank of India),9725428478,2000000,Anjana,Manoj,Kumar
0,160410107118,16becev137,Ms.,Krupali ,Shah,DEEPAKBHAI,"51, aamrapali ,sco, karelibaug, Vadodara.",Vadodara,Gujarat,India,390018,"51, aamrapali ,sco, karelibaug, Vadodara",Vadodara,Gujarat,India,390018,Female,1998-07-21,2017-08-17,krupali.160410107118@gmail.com,9106017846,A+,Hindu,Indian,Open,Shah,Krupali,DEEPAKBHAI,Job,9328558009,900000,Mamta ,Shah,Deepak shah
0,160410107043,16BECEV135,Mr.,Nitish,Satish,Lele,"25-B, Smita park society, Near Mother's school,Gotri Road, Vadodara",Vadodara,Gujarat,India,390021,"25-B, Smita park society, Near Mother's school,Gotri Road, Vadodara",Vadodara,Gujarat,India,390021,Male,1997-11-03,2016-07-22,nitishlele.160410107043@gmail.com,7984948056,B+,Hindu,Indian,Open,Nitish,Sitaram,Lele,-,9428974339,100001,Hemangi,Satish,Lele
0,160410107035,16BECEV128,Mr.,Piyush,Nileshkumar,Jain,"D/102, SILICON PALACE
NEAR PARVAT PATIA, ARCHANA ROAD",Surat,Gujarat,India,395006,"Shree Gambhirchand Oonmedchand Shah Jain Chattralaya, Vvnagar, Anand",Anand,Gujarat,India,388120,Male,1997-04-21,2016-07-15,piyushj160410107035@gmail.com,8866330968,O+,Jain,Indian,Open,Nileshkumar,Roshanlal,Jain,Business,7046945858,289000,Basanti,Nileshkumar,Jain
0,160410107095,16BECEG131,Mr.,SMITKUMAR,VINODBHAI,PATEL,"24,BHAVNA KESARPARK SOCIETY GRID ROAD, KABILPOR, NAVSARI",NAVSARI,Gujarat,India,396424,"24,BHAVNA KESARPARK SOCIETY GRID ROAD, KABILPOR, NAVSARI",NAVSARI,Gujarat,India,396424,Male,1997-12-06,2016-08-01,smit.160410107095@gmail.com,9033102252,O+,Hindu,Indian,SEBC,VINODBHAI,JIVANBHAI,PATEL,Job,8200112199,96000,HEMLATABEN,LAXMIBEN,PATEL
0,160410107002,16BECEG099,Mr.,SAGAR,VASUDEV ,AJMERI,"FF-1, SHARAD COMPLEX, NR UNION BANK, SAMA, VADODARA",Vadodara,Gujarat,India,390002,"FF-1, SHARAD COMPLEX, NR UNION BANK, SAMA, VADODARA",Vadodara,Gujarat,India,390002,Male,1997-12-07,2016-08-01,sagar.160410107002@gmail.com,7405207140,A+,Hindu,Indian,SEBC,VASUDEV,RAMJIBHAI,AJMERI,BUSINESS (TAILOR),8160530286,108000,USHABEN,VASUDEV,AJMERI
0,170413107024,17beceg001,Mr.,Divyang ,Sanjay Bhai,Rasaniya,"15 V.M.S Flate new Sama road OPP indor Sport's complex, Vadodara,390024",Vadodara,Gujarat,India,390024,"15 V.M.S Flate new Sama road OPP indor Sport's complex, Vadodara",Vadodara,Gujarat,India,390024,Male,1999-05-12,2017-06-22,divyangrasaniya86@gmail.com,9904918460,O+,Hindu,Indian,SEBC,Sanjay ,Hashmukhbhai,Rasaniya,Business,9998730630,100000,Anjana ,Sanjay ,Rasaniya
0,160410107097,16BECEF020,Mr.,Vats,Mayur,Patel,"6-A Suryakiran society, new sama road, Vadodara.",Vadodara,Gujarat,India,390024,"6-A Suryakiran society, New sama road, Vadodara.",Vadodara,Gujarat,India,390024,Male,1997-12-14,2016-08-01,vats.160410107097@gmail.com,9723496995,AB+,Hindu,Indian,Open,Mayur,Kirit,Patel,Job,9879757776,150000,Jayshree,Mayur,Patel
0,160410107076,16beceg083,Mr.,Harshkumar,Maheshbhai,Patel,B-38 shantikunj scocity arunachal samta road Shubhanpura Vadodara,Vadodara,Gujarat,India,390023,B-38 shantikunj scocity arunachal samta road Shubhanpura Vadodara,Vadodara,Gujarat,India,390023,Male,1999-06-17,2016-08-04,harsh.160410107076@gmail.com,7016033791,B+,Hindu,Indian,EBC,Maheshbhai,Amrutbhai,Patel,Business,9879004491,200000,Chandrikaben,Maheshbhai,Patel
0,160410107128,16BECEG026,Mr.,Jaydeepsinh,Kishankumar,Solanki,"103/1029, Nirmalpark, Opp. Marutidham Society, G.I.D.C. Main Road, Vadodara. 390010",Vadodara,Gujarat,India,390010,"103/1029, Nirmalpark, Opp. Marutidham Society, G.I.D.C. Main Road, Vadodara. 390010",Vadodara,Gujarat,India,390010,Male,1997-11-08,2016-07-23,jaydeepsinh.160410107128@gmail.com,9879064127,A+,Hindu,Indian,SC,Kishankumar,Nagarbhai,Solanki,Service,9375328186,700000,Meenaben,Kishankumar,Solanki
0,170413107021,7,Ms.,Shivani,Subodhbhai,Patel,"C/23 Pooja park society ,Parivar charrasta,waghodia road, vadodara",Vadodara,Gujarat,India,390019,"C/23 Pooja park society ,Parivar charrasta,waghodia road, vadodara",Vadodara,Gujarat,India,390019,Female,1998-03-03,2017-07-29,shivanipatel9626@gmail.com,9638995115,B+,Hindu,Indian,Open,Subodhbhai,Somabhai,Patel,Job,9825537092,100000,Rekhaben,Subodh bhai,Patel
0,160410107101,16beceg053,Mr.,Janakaraj,Rohidas,Poojary,"B 87, mathuranagari, old padra road, Vadodara ",Vadodara,Gujarat,India,390020,"B 87, mathuranagari, old padra road, Vadodara",Vadodara,Gujarat,India,390020,Male,1998-06-13,2016-08-16,janakaraj.160410107101@gmail.com,8160551685,O+,Hindu,Indian,Open,Rohidas,Annaya,Poojary,Buisness,9909270678,500000,Revathi,Rohidas,Poojary
0,170413107021,beceg007,Ms.,Shivani,Subodhbhai,Patel,"C/23 Pooja park society ,Parivar charrasta,waghodia road, vadodara",Vadodara,Gujarat,India,390019,"C/23 Pooja park society ,Parivar charrasta,waghodia road, vadodara",Vadodara,Gujarat,India,390019,Female,1998-03-03,2017-08-16,shivanipatel9626@gmail.com,9638995115,B+,Hindu,Indian,Open,Subodhbhai,Somabhai,Patel,Job,9825537092,100000,Rekhaben,Subodh bhai,Patel
0,160410107072,16becev124,Ms.,Dhwani,Nilesh,Patel,"D-91 shakuntal park society, b/h shreyas school,manjalpur, vadodara",Vadodara,Gujarat,India,390004,"D-91 shakuntal park society, b/h shreyas school,manjalpur, vadodara",Vadodara,Gujarat,India,390004,Female,1998-11-23,2016-09-15,dhwani.160410107072@gmail.com,7698847075,O+,Hindu,Indian,Open,Nilesh ,Mahendra,Patel,Service,9426557976,700000,Sangita,Nilesh,Patel
0,160410107032,16BECEG102,Mr.,Parth,Nareshbhai,Gopani,"A-601,Sahaj imperia, near janak puri farm,Conway - jahangirpura Link road, katargam ,surat- 395004",Surat,Gujarat,India,395004,"D-29,Paragraj Society, Harni warasia ring road, Vadodara - 390006",Vadodara,Gujarat,India,390006,Male,1999-08-01,2016-08-01,parth.160410107032@gmail.com,9157618868,A+,Hindu,Indian,Open,Nareshbhai,Manjibhai,Gopani,Diamond Broker,8160960334,200000,Ashaben,Nareshbhai,Gopani
0,160410107042,16BECEG080,Mr.,Yash,Kishorbhai,Lakhani,"A-702, sky heaven, nanived, ved-gurukul road, katargam,Surat,395004",Surat,Gujarat,India,395004,"B/9, green Park society,nizampura, vadodara",Vadodara,Gujarat,India,390002,Male,1999-09-16,2016-08-04,lakhaniyash169@gmail.com,7573960463,B+,Hindu,Indian,Open,Kishorbhai,Jadavbhai,Lakhani,Business,9898616827,200000,Smitaben,Kishorbhai,Lakhani
0,160410107009,16beceg041,Mr.,dhrumil,a,barot,"14 Akash society, canal Rd, tp 13",Vadodara,Gujarat,India,390024,"14 Akash society, canal Rd, tp 13",Vadodara,Gujarat,India,390024,Male,1998-02-21,2016-08-04,dhrumil.160410107009@gmail.com,7984627362,A+,Hindu,Indian,SEBC,alkeshbhai,b,barot,engineer,9974708118,100000,rakshaben,a,barot
0,160410107088,16BECEG048,Ms.,Pooja,Bharatbhai,Patel,"14,govardhan park-2,tp-13,chhani jakat naka,vadodara-390002.",Vadodara,Gujarat,India,390002,"14,govardhan park-2,tp-13,chhani jakat naka,vadodara-390002",Vadodara,Gujarat,India,390002,Female,1998-09-21,2016-08-04,pooja.160410107088@gmail.com,7984641630,AB+,Hindu,Indian,Open,Bharatbhai,Khushal patel,Patel,Business,9427356557,400000,Manjulaben,Bharatbhai,Patel
0,160410107061,16BECEG058,Ms.,Khushbu,Satishkumar,Pancholi,"F-96 Indrapuri society, Nr. Bapod jakat naka, Waghodia road, Vadodara-390019",Vadodara,Gujarat,India,390019,"F-96 Indrapuri society, Nr. Bapod jakat naka, Waghodia road, Vadodara-390019",Vadodara,Gujarat,India,390019,Female,1998-09-04,2016-08-04,khushbupancholi4@gmail.com,7433044379,O+,Hindu,Indian,SEBC,Satishkumar,Nagindas ,Pancholi,Service ,9824375340,300000,Ranjanben,Satishkumar,Pancholi
0,160410107045,16BECEG075,Mr.,JAY,BHARATKUMAR,LIMBACHIYA,"C/86,KEDARDHAM SOCIETY,NEAR SHREE HARI PARTY PLOT,G.I.D.C ROAD,MANJALPUR,VADODARA,GUJARAT.",Vadodara,Gujarat,India,390011,"C/86,KEDARDHAM SOCIETY,NEAR SHREE HARI PARTY PLOT,G.I.D.C ROAD,MANJALPUR,VADODARA,GUJARAT.",Vadodara,Gujarat,India,390011,Male,1998-11-24,2016-07-29,jay.160410107045@gmail.com,9998806592,O+,Hindu,Indian,SEBC,BHARATKUMAR,POPATLAL,LIMBACHIYA,BARBER,9974310110,146139,ARUNABEN,BHARATKUMAR,LIMBACHIYA
0,160410107010,16BECEG011,Ms.,HIMANI,UMESHBHAI,BAROT,"406, Kalp srushti apt., Halar Road, Valsad, 396001.",VALSAD,Gujarat,India,396001,"Matrushri Kamlaba Girls Hostel, Vasad.",Vasad,Gujarat,India,388306,Female,1998-11-10,2016-08-04,himani.160410107010@gmail.com,9913359715,O+,Hindu,Indian,SC,UMESHBHAI,MANUBHAI,BAROT,SERVICE,9825870797,150000,ASHABEN,UMESHBHAI,BAROT
0,160410107020,16BECEG093,Ms.,Neha ,Girishbhai,Chudasama,"9/3, Panchvati Society ,Navjivan  , Ajwa Road , Vadodara",Vadodara,Gujarat,India,390019,"9/3, Panchvati Society ,Navjivan  , Ajwa Road , Vadodara",Vadodara,Gujarat,India,390019,Female,1998-08-02,2016-08-04,neha160410107020@gmail.com,9574486191,AB+,Hindu,Indian,SEBC,Girishbhai,Bachubhai,Chudasama,Tailor,9898304836,120000,Sarojben,Girishbhai,Chudasama
0,160410107089,16becef006,Mr.,Ravi,Dineshbhai,Patel,6 sukhsagar tenament near saichokdi manjalpur Vadodara ,Vadodara,Gujarat,India,390011,6 sukhsagar tenament near saichokdi manjalpur Vadodara ,Vadodara,Gujarat,India,390011,Male,1998-08-29,2016-07-15,ravi.160410107089@gmail.com,7990540717,O+,Hindu,Indian,Open,Dineshbhai,Keshavlal,Patel,Business,9824123275,300000,Sudhaben ,Dineshbhai ,Patel
0,160410107016,16BECEG105,Ms.,Shahinbanu,Ismailbhai,Bodeliwala,"Near yadullahi chawk, Wadi Taiwada, Vadodara 390017",Vadodara,Gujarat,India,390017,"Near yadullahi chawk, Wadi Taiwada, Vadodara 390017",Vadodara,Gujarat,India,390017,Female,1999-03-05,2016-08-04,shahinbanu.160410107016@gmail.com,9723153647,A+,Muslim,Indian,SEBC,Ismailbhai,Miya Mohammad,Bodeliwala,Self-employed ,9913972388,75000,Nasimbanu,Ismailbhai,Bodeliwala
0,170413107023,217beceg03,Ms.,Trusha,Ajaybhai,Rao,"26, Gangotri Residency, B/H Vishranti Estate, Nr. Narayan Garden, Opp. Yash Complex, Gotri Road, Vadodara.",Vadodara,Gujarat,India,390021,"26, Gangotri Residency, B/H Vishranti Estate, Nr. Narayan Garden, Opp. Yash Complex, Gotri Road, Vadodara.",Vadodara,Gujarat,India,390021,Female,1997-09-30,2017-07-15,trusharao40@gmail.com,9426887694,O+,Hindu,Indian,SEBC,Ajay,Rajnikant,Rao,business,9727484594,900000,Jayshree,Ajay ,Rao
0,160410107017,16BECEG066,Mr.,Lakhankumar,Kishorkumar,Chavda,"D-17, Associated Society, Nr Prassanna house, B/H Akota Stadium, Akota",Vadodara,Gujarat,India,390020,"D-17, Associated Society, Nr Prassanna house, B/H Akota Stadium, Akota",Vadodara,Gujarat,India,390020,Male,1998-04-26,2019-08-04,lakhan.160410107017@gmail.com,7874406412,O+,Hindu,Indian,SEBC,Kishorbhai,Parabatbhai,Chavda,Real Estate,9374312999,180000,Harshaben,Kishorbhai,Chavda
0,160410107075,16beceg097,Mr.,Harsh,Ketanbhai,Patel,"C/38, Samir Park Society, High Tension Road, Subhanpura",Anand,Gujarat,India,390023,"C/38, Samir Park Society, High Tension Road, Subhanpura",Vadodara,Gujarat,India,390023,Male,1997-10-23,2016-08-08,harnias699@gmail.com,9558800318,O+,Hindu,Indian,Open,Ketanbhai Patel,Maneklalbhai,Patel,Civil Engineer,9909012901,410000,Meghnaben Patel,Urvashiben Patel,Patel
0,160410107022,16BECEG045,Mr.,Paras,Pankajbhai,Dave,"C/32, Gokuldham society, B/H Union Bank of India, Sama",Vadodara,Gujarat,India,390008,"C/32, Gokuldham society, B/H Union Bank of India, Sama",Vadodara,Gujarat,India,390008,Male,1998-09-21,2016-08-04,paras.16beceg045@gmail.com,8511331102,A+,Hindu,Indian,Open,Pankaj,Tripurashanker,Dave,Business,9825367164,110000,Minal,Pankajbhai,Dave
0,160410107133,16BECEF003,Ms.,Vaibhavi,Shivaji,Tikone,"A/2 nilkanth park soc, sama savli road",Vadodara,Gujarat,India,390024,"A/2 nilkanth park soc, sama savli road",Vadodara,Gujarat,India,390024,Female,1998-10-09,2016-06-01,vaibhavi.160410107133@gmail.com,9974059685,O+,Hindu,Indian,Open,Shivaji,Kondiram,Tikone,job,9898339945,300000,Devyani,Shivaji,Tikone
0,160410107014,16BECEG084,Mr.,Vivek,Ashokbhai,Bhatiya,"Avadh-4,street no.1,sanala road,morbi,363641",Morbi,Gujarat,India,363641,"Shilalekh hostel,svit road,vasad,388306",Vasad,Gujarat,India,388306,Male,1999-08-07,2016-07-29,vivek.160410107014@gmail.com,7567737797,O+,Hindu,Indian,Open,Ashokbhai,Laljibhai,Bhatiya,Shopkeeper,9879324544,180000,Ushaben,Ashokbhai,Bhatiya
0,170413107019,217beceg02,Ms.,Priyangi ,Dipakbhai,Patel ,"B-38,Siddhivinayak park,near ramvatika, wagodiya road, Vadodara ",Vadodara,Gujarat,India,390019,"B-38,Siddhivinayak park,near ramvatika, wagodiya road, Vadodara ",Vadodara,Gujarat,India,390019,Female,1999-04-27,2017-08-12,priyangipatel98@gmail.com,8485950461,O+,Hindu,Indian,Open,Dipak bhai ,Bhailal bhai ,Patel ,Job,9925070679,500000,Meeta,Dipakbhai ,Patel 
0,170413107025,17beceg021,Ms.,Bhargaviben,Jagdishkumar,Shah,"7/451 Bhagvati krupa Old Guj Housing Board ,Gorwa ,Vadodara",Vadodara,Gujarat,India,390003,"7/451 Bhagvati krupa Old Guj Housing Board ,Gorwa ,Vadodara",Vadodara,Gujarat,India,390003,Female,1998-03-21,2017-08-23,bhargavishah21@gmail.com,7043384867,A+,Hindu,Indian,Open,Jagdishkumar,Dineshbhai,Shah,Job,9099969164,200000,Jayshreeben,Jagdishkumar,Shah
0,170413107025,17beceg021,Ms.,Bhargaviben,Jagdishkumar ,Shah,"7/451 Bhagvati krupa Old Guj Housing Board ,Gorwa ,Vadodara",Vadodara,Gujarat,India,390003,"7/451 Bhagvati krupa Old Guj Housing Board ,Gorwa ,Vadodara",Vadodara,Gujarat,India,390003,Female,1998-03-21,2017-08-23,bhargavishah21@gmail.com,7043384867,A+,Hindu,Indian,Open,Jagdishkumar ,Dineshbhai ,Shah,Job,9099969164,200000,Jayshreeben,Jagdishkumar ,Shah
0,160410107129,16beceg107,Mr.,Preyas,Vijaykumar,Soni,"A-16 Shree Tenaments,Nr.Eva mall, Manjalpur,Vadodara.",Vadodara,Gujarat,India,390011,Own,Vadodara,Gujarat,India,390011,Male,1998-09-21,2016-08-08,preyas.160410107129@gmail.com,7984932099,B+,Hindu,Indian,Open,Vijay,Pravinchandra,Soni,Job,7984932099,571000,Pritiben,Vijay,Soni
0,160410107125,16BECEG067,Mr.,Krushit,Kundankumar,Sheth,"C-68, Shiv Residency
Parivar char rasta, Waghodia Road",Vadodara,Gujarat,India,390025,"C-68, Shiv Residency
Parivar char rasta, Waghodia Road",Vadodara,Gujarat,India,390025,Male,1997-12-15,2016-08-06,krushit.160410107125@gmail.com,8780381833,O+,Hindu,Indian,Open,Kundan,D,Sheth,Service,8780381833,800000,Rupal,K,Sheth
0,160410107049,16BECEG063,Mr.,Ayush,Jyotikumar ,Mishra ,"204, Sapphire Complex, Sindhwai mata road, near lal baugh, Pratapnagar, Vadodara, 390004.",Vadodara,Gujarat,India,390004,"204, Sapphire Complex, Sindhwai mata road, near lal baugh, Pratapnagar, Vadodara, 390004.",Vadodara,Gujarat,India,390004,Male,1998-09-30,2016-07-18,ayush.160410107049@gmail.com,8141384843,AB+,Hindu,Indian,Open,Jyotikumar ,Vijaybahadhur,Mishra,Civil Engineer,9978892962,1500000,Kalpana ,Jyotikumar,Mishra 
0,160410107057,16BECEG088,Ms.,Juneyalee,Sreepal Rajan Singh,Negi,"J-303 Nandanvan Housing Co-operative
Society, Tarsali, Vadodara,
Gujarat - 390009",Vadodara,Gujarat,India,390009,"J-303 Nandanvan Housing Co-Operative 
Society, Tarsali,  Vadodara,
Gujarat - 390009",Vadodara,Gujarat,India,390009,Female,1998-05-03,2016-07-30,juneyalee.160410107057@gmail.com,9687638620,AB+,Hindu,Indian,Open,Sreepal Rajan,Ram Singh,Negi,Service,9638339362,1500000,Rinku,Sreepal Rajan Singh,Negi
0,160410107106,16beceg096,Mr.,Hiren,Prafulchandra,Rathod,"A/103, Momai Complex , MotaVarachha , Surat - 394101",Surat,Gujarat,India,394101,"B1/5 Shantivila Society , SVIT vasad Road , Near Bus Stand , Anand , Gujarat",Vasad,Gujarat,India,388306,Male,1998-05-30,2016-08-04,hiren.160410107106@gmail.com,8530209315,O+,Hindu,Indian,SEBC,Rathod Prafulchandra Karsanbhai,Rathod Karsanbhai Virjibhai,Rathod,Tailor,9824132928,100000,Hansaben,Prafulchandra,Rathod
0,160410107093,16BECEG059,Mr.,shivam,Amrutlal,patel,"muli, jalaram street, valsad",valsad,Gujarat,India,396001,Vadodara ,Vadodara,Gujarat,India,396024,valsad,1999-07-04,2016-08-01,shivam.160410107093@gmail.com,9687999640,B-,Hindu,valsad,Open,Amrutlal,Mangubhai,patel,-,7016145523,55000,Heenaben,Amrutlal,Patel
0,160410107069,16BECEG094,Mr.,Jainil,Kalapibhai,Parmar,"Shakti Sai' plot no. 1656 B/4 behind Swaminarayan Gurukul School, Sardarnagar, Bhavnagar.",Bhavnagar,Gujarat,India,364001,"B-83, Lakshmikunj Society, New Sama Road, Vadodara.",Vadodara,Gujarat,India,390008,Male,1999-05-08,2016-07-28,jainil.160410107069@gmail.com,9409160855,B+,Hindu,Indian,SEBC,Kalapi S Parmar,Shivkumar Parmar,Parmar,Teacher,9898519195,260000,Falguni ,Kalapi,Parmar
0,160410107066,16BECEG037,Mr.,Meet,Paresh,Parikh,"205-Sukun Flats, Above Mahalaxmi Super Store, Arunachal road, Subhanpura, Vadodara-390023",Vadodara,Gujarat,India,390023,"205-Sukun Flats, Above Mahalaxmi Super Store, Arunachal road, Subhanpura, Vadodara-390023",Vadodara,Gujarat,India,390023,Male,1998-12-02,2016-07-28,meet.160410107066@gmail.com,8849061252,O+,Hindu,Indian,Open,Paresh,Kundanlal,Parikh,Business,9106927802,616000,Mita,Paresh,Parikh
0,160410107033,16BECEG042,Mr.,Het,Ashwin bhai,Patel,"230, F-1 Pramukh Raj Appartment, Sector 28",Gandhinagar,Gujarat,India,382028,"C-6, Ayodhya Nagar Society",Nadiad,Gujarat,India,387001,Male,1999-01-04,2016-08-14,het.160410107033@gmail.com,8200462474,A+,Hindu,Indian,Open,Ashwin ,Balvant bhai,Patel,Tutor,9712166934,400000,Jagruti ,Ashwin bhai,Patel
0,170413107002,217BECE019,Ms.,HEMANGINI,ROOPSINGH,BHANDARI,3&4 bhakti complex near PHS danteshwar.,Vadodara,Gujarat,India,390004,3&4 bhakti complex near PHS danteshwar.,Vadodara,Gujarat,India,390004,Female,1997-08-29,2017-08-20,hemangini217bece019@gmail.com,9157927500,A+,Hindu,Indian,Open,ROOPSINGH,MANGALSINGH,BHANDARI,Deputy general manager,9157927500,1000000,MANISHA,ROOPSINGH,BHANDARI
0,160410107008,16BECEG021,Ms.,Ritu,Vijaykumar,Ban,"F - 301, Sukhdham Residency ,
Waghodia Dabhoi ring road ,
Vadodara",Vadodara,Gujarat,India,390025,"F - 301, Sukhdham Residency ,
Waghodia Dabhoi ring road ,
Vadodara",Vadodara,Gujarat,India,390025,Female,1998-03-18,2016-08-04,ritu.160410107008@gmail.com,7016541765,B+,Hindu,Indian,SEBC,Vijaykumar,Amar,Ban,-,9974735039,20000,Sudha,Vijaykumar,Ban
0,160410107008,16BECEG021,Ms.,Ritu,Vijaykumar,Ban,"F-301, Sukhdham Residency,
Waghodia Dabhoi ring road,
Vadodara",Vadodara,Gujarat,India,390025,"F-301, Sukhdham Residency,
Waghodia Dabhoi ring road,
Vadodara",Vadodara,Gujarat,India,390025,Female,1998-03-18,2016-07-26,ritu.160410107008@gmail.com,7016541765,B+,Hindu,Indian,EBC,Vijaykumar,Amar,Ban,-,9974735039,180000,Sudha,Vijaykumar,Ban
0,160410107004,16becev134,Mr.,Amit,?�,Rawat,"A74, Darshanam Revanta, Gotri-Sevasi Road, Gotri",Vadodara,Gujarat,India,390021,"A74, Darshanam Revanta, Gotri-Sevasi Road, Gotri",Vadodara,Gujarat,India,390021,Male,1998-09-19,2016-09-17,amit.160410107004@gmail.com,7990879808,AB+,Hindu,Indian,Open,Brijraj Singh,Govind Singh,Rawat,Service,8980427857,800000,Laxmi,?�,Rawat
0,160410107077,16BECEG015,Mr.,Jay,Bhavesh,Patel,"Opposite 7 Nutan Ashapuri Society, behind Parishram Society, Subhanpura, Vadodara. 
390023",Vadodara,Gujarat,India,390023,"Opposite 7 Nutan Ashapuri Society, behind Parishram Society, Subhanpura, Vadodara. 
390023",Vadodara,Gujarat,India,390023,Male,1998-04-20,2016-08-14,jay.160410107077@gmail.com,8511186545,B+,Hindu,Indian,Open,Bhavesh,Ramanbhai,Patel,Service,9974056855,800000,Bhakti,Bhavesh,Patel
0,160410107013,16BECEG050,Ms.,Nikki,Bipin,Bhalodiya ,"A-202, Sthapatya flats, TP-13, Chhani jagat naka, vadodara-390002",Vadodara,Gujarat,India,390002,"A-202, Sthapatya flats, TP-13, Chhani jagat naka ",Vadodara,Gujarat,India,390002,Female,1998-04-01,2019-08-14,nikki.160410107013@gmail.com,9909273305,B+,Hindu,Indian,Open,Bipin ,Jamnadas,Bhalodiya,Service,9909273305,1000000,Mayuri,Bipin,Bhalodiya 
0,160410107067,16BECEV111,Ms.,Vaidehi,Pareshkumar,Parikh,"19/A Manek Park Society, Harni Road, Vadodara",Vadodara,Gujarat,India,390022,"19/A Manek Park Society, Harni Road, Vadodara",Vadodara,Gujarat,India,390022,Female,1998-12-31,2016-09-14,vaidehi.160410107067@gmail.com,9409469689,O+,Hindu,Indian,Open,Pareshkumar ,Bhikhalal ,Parikh,Business,8849110072,455000,Varshaben,Pareshkumar,Parikh
0,160410107081,16BECEG017,Mr.,Keyur,Dharmeshbhai,Patel,"talav faliya,At&post:sevani,ta:kamrej,dist:surat,394320",Surat,Gujarat,India,394320,"D-8, Associated Society, Near Radhakrishna Char Rasta, Akota",Vadodara,Gujarat,India,390020,Male,1997-10-21,2016-08-01,keyurpatel3310@gmail.com,9924550731,B+,Hindu,Indian,Open,Dharmeshbhai ,Nagarbhai,Patel,Farmer,9427150731,200000,Nayanaben,Dharmeshbhai ,Patel
0,160410107112,16BECEV116,Mr.,DHRUVIL,ASHOK,SAVALIA,A 15 SHIV TENAMENTS BEHIND AMIN PARTY PLOT,Vadodara,Gujarat,India,390021,A 15 SHIV TENAMENTS BEHIND AMIN PARTY PLOT,Vadodara,Gujarat,India,390021,Male,1998-09-01,2016-08-01,dasbaroda123@gmail.com,7405505067,O+,Hindu,Indian,Open,Ashok,G,Savalia,Business,9825911303,800000,Bharti,A,Savalia
0,160410107064,16BECEG092,Mr.,Harsh,Himanshu,Parikh,"15 Chandroday Society,
Opp Petrol Pump,
Panigate",Vadodara,Gujarat,India,390019,"15 Chandroday Society,
Opp Petrol Pump,
Panigate",Vadodara,Gujarat,India,390019,Male,1998-12-07,2016-08-04,harsh.160410107064@gmail.com,7016405924,B+,Hindu,Indian,Open,Himanshu Parikh,Priyakant Parikh,Parikh,BE Chemical,9879204801,200000,Hiral Parikh,Himanshu,Parikh
0,160410107034,16becev108,Mr.,Mrudang,Ravi,Iyengar,A 35 MARM HOUSE CHANDRANAGAR SOC B/H  SURYANAGAR BUS STAND WAGHODIA ROAD,Vadodara,Gujarat,India,390019,A 35 MARM HOUSE CHANDRANAGAR SOC B/H  SURYANAGAR BUS STAND WAGHODIA ROAD,Vadodara,Gujarat,India,390019,Male,1999-07-06,2016-08-04,mrudang.160410107034@gmail.com,7016212429,O+,Hindu,Indian,Open,Ravi,Srinivas,Iyengar,Civil Engineer,7600743286,200000,Ambika,Ravi,Iyengar
0,160410107037,16BECEV122,Mr.,Nandan ,Kirtikumar,Kalaria,"6 Vinayak Avenue, 145 Vinayak Society, Akota",Vadodara,Gujarat,India,390020,"106 Dollars Avenue, Opposite Tube Company, Old Padra Road",Vadodara,Gujarat,India,390020,Male,1998-02-20,2016-08-15,nandan.160410107037@gmail.com,8460436330,O+,Hindu,Indian,Open,Kirtikumar,Maganlal,Kalaria,Business,9924482871,400000,Varsha,Kirtikumar,Kalaria
0,150410107063,15becen018,Mr.,DEEPKUMAR,NITINKUMAR,PATEL,"At: someshwarpura, post: chipad, Ta: Waghodia, dist: vadodara,  391760",Vadodara,Gujarat,India,391760,"At: someshwarpura, post: chipad, Ta: Waghodia, dist: vadodara,  391760",Vadodara,Gujarat,India,391760,Male,1997-09-18,2015-08-03,deep.150410107063@gmail.com,9687173232,A+,Hindu,Indian,Open,NITINKUMAR,CHANDUBHAI,PATEL,FARMING,9925653275,200000,KAILASHBEN,NITINKUMAR,PATEL
0,160410107138,16becei138,Mr.,Arjun,.,Saha,"House no 52/A, Road No 5, Dhanmondi R/A, Dhaka-1205,Bangladesh.",Dhaka,Dhaka,Bangladesh,1205,"34/C, Shree Lekha Society, SVUT College road, Vasad,Anand-388306,Gujarat",Vasad,Gujarat,India,388306,Anand,1998-02-25,2016-07-20,arjunsaha2010@gmail.com,8154946308,AB+,Hindu,Other,Other,Anil Kumar,.,Saha Roy,Retired Banker,8154946308,100000,Pabitra,.,Saha
0,160410107123,16BECEG104,Mr.,Rathin,Dipakkumar,Sharma,"33/34, Anand Park, Nana Chiloda, Naroda, Ahmedabad",Ahmedabad,Gujarat,India,382330,"33/34, Anand Park, Nana Chiloda, Naroda, Ahmedabad",Ahmedabad,Gujarat,India,382330,Male,2019-06-23,2019-08-01,rathin236@gmail.com,7096969640,O+,Hindu,Indian,Open,Dipakkumar,Kunwarpal,Sharma,Teacher,7096969640,600000,Hemangini,Dipakkumar,Sharma
