{
  "name": "AttndanceInfo",
  "base": "PersistedModel",
  "idInjection": false,
  "options": {
    "validateUpsert": true
  },
  "mysql": {
    "schema": "cmsdbv1",
    "table": "attndance_info"
  },
  "properties": {
    "attId": {
      "type": "Number",
      "id": true,
      "required": true,
      "length": null,
      "precision": 10,
      "scale": 0,
      "mysql": {
        "columnName": "att_id",
        "dataType": "int",
        "dataLength": null,
        "dataPrecision": 10,
        "dataScale": 0,
        "nullable": "N"
      },
      "_selectable": false
    },
    "attPresent": {
      "type": "Number",
      "required": true,
      "length": null,
      "precision": 3,
      "scale": 0,
      "mysql": {
        "columnName": "att_present",
        "dataType": "tinyint",
        "dataLength": null,
        "dataPrecision": 3,
        "dataScale": 0,
        "nullable": "N"
      },
      "_selectable": true
    },
    "fclassscheduleid": {
      "type": "Number",
      "required": true,
      "length": null,
      "precision": 10,
      "scale": 0,
      "mysql": {
        "columnName": "fClassScheduleId",
        "dataType": "int",
        "dataLength": null,
        "dataPrecision": 10,
        "dataScale": 0,
        "nullable": "N"
      },
      "_selectable": false
    },
    "fstudenrollId": {
      "type": "String",
      "required": true,
      "length": 14,
      "precision": null,
      "scale": null,
      "mysql": {
        "columnName": "fStudEnroll_ID",
        "dataType": "varchar",
        "dataLength": 14,
        "dataPrecision": null,
        "dataScale": null,
        "nullable": "N"
      },
      "_selectable": false
    }
  },
  "validations": [],
  "relations": {},
  "acls": [],
  "methods": {}
}
