{
  "name": "StudentInfo",
  "base": "PersistedModel",
  "idInjection": false,
  "options": {
    "validateUpsert": true
  },
  "mysql": {
    "schema": "cmsdbv1",
    "table": "student_info"
  },
  "properties": {
    "stuId": {
      "type": "Number",
      "id": true,
      "required": true,
      "length": null,
      "precision": 10,
      "scale": 0,
      "mysql": {
        "columnName": "stu_id",
        "dataType": "int",
        "dataLength": null,
        "dataPrecision": 10,
        "dataScale": 0,
        "nullable": "N"
      },
      "_selectable": false
    },
    "stuEnroll": {
      "type": "String",
      "required": true,
      "length": 14,
      "precision": null,
      "scale": null,
      "mysql": {
        "columnName": "stu_enroll",
        "dataType": "varchar",
        "dataLength": 14,
        "dataPrecision": null,
        "dataScale": null,
        "nullable": "N"
      },
      "_selectable": false
    },
    "stuCollegeId": {
      "type": "String",
      "required": true,
      "length": 15,
      "precision": null,
      "scale": null,
      "mysql": {
        "columnName": "stu_college_id",
        "dataType": "varchar",
        "dataLength": 15,
        "dataPrecision": null,
        "dataScale": null,
        "nullable": "N"
      },
      "_selectable": false
    },
    "stuTitle": {
      "type": "String",
      "required": false,
      "length": 45,
      "precision": null,
      "scale": null,
      "mysql": {
        "columnName": "stu_title",
        "dataType": "varchar",
        "dataLength": 45,
        "dataPrecision": null,
        "dataScale": null,
        "nullable": "Y"
      },
      "_selectable": true
    },
    "stuFirstname": {
      "type": "String",
      "required": false,
      "length": 45,
      "precision": null,
      "scale": null,
      "mysql": {
        "columnName": "stu_firstname",
        "dataType": "varchar",
        "dataLength": 45,
        "dataPrecision": null,
        "dataScale": null,
        "nullable": "Y"
      },
      "_selectable": true
    },
    "stuMiddlename": {
      "type": "String",
      "required": false,
      "length": 45,
      "precision": null,
      "scale": null,
      "mysql": {
        "columnName": "stu_middlename",
        "dataType": "varchar",
        "dataLength": 45,
        "dataPrecision": null,
        "dataScale": null,
        "nullable": "Y"
      },
      "_selectable": true
    },
    "stuLastname": {
      "type": "String",
      "required": false,
      "length": 45,
      "precision": null,
      "scale": null,
      "mysql": {
        "columnName": "stu_lastname",
        "dataType": "varchar",
        "dataLength": 45,
        "dataPrecision": null,
        "dataScale": null,
        "nullable": "Y"
      },
      "_selectable": true
    },
    "stuPerAddress": {
      "type": "String",
      "required": false,
      "length": 100,
      "precision": null,
      "scale": null,
      "mysql": {
        "columnName": "stu_per_address",
        "dataType": "varchar",
        "dataLength": 100,
        "dataPrecision": null,
        "dataScale": null,
        "nullable": "Y"
      },
      "_selectable": true
    },
    "stuPerCity": {
      "type": "String",
      "required": false,
      "length": 25,
      "precision": null,
      "scale": null,
      "mysql": {
        "columnName": "stu_per_city",
        "dataType": "varchar",
        "dataLength": 25,
        "dataPrecision": null,
        "dataScale": null,
        "nullable": "Y"
      },
      "_selectable": true
    },
    "stuPerState": {
      "type": "String",
      "required": false,
      "length": 25,
      "precision": null,
      "scale": null,
      "mysql": {
        "columnName": "stu_per_state",
        "dataType": "varchar",
        "dataLength": 25,
        "dataPrecision": null,
        "dataScale": null,
        "nullable": "Y"
      },
      "_selectable": true
    },
    "stuPerCountry": {
      "type": "String",
      "required": false,
      "length": 25,
      "precision": null,
      "scale": null,
      "mysql": {
        "columnName": "stu_per_country",
        "dataType": "varchar",
        "dataLength": 25,
        "dataPrecision": null,
        "dataScale": null,
        "nullable": "Y"
      },
      "_selectable": true
    },
    "stuPerPincode": {
      "type": "String",
      "required": false,
      "length": 10,
      "precision": null,
      "scale": null,
      "mysql": {
        "columnName": "stu_per_pincode",
        "dataType": "varchar",
        "dataLength": 10,
        "dataPrecision": null,
        "dataScale": null,
        "nullable": "Y"
      },
      "_selectable": true
    },
    "stuCurrAddress": {
      "type": "String",
      "required": false,
      "length": 100,
      "precision": null,
      "scale": null,
      "mysql": {
        "columnName": "stu_curr_address",
        "dataType": "varchar",
        "dataLength": 100,
        "dataPrecision": null,
        "dataScale": null,
        "nullable": "Y"
      },
      "_selectable": true
    },
    "stuCurrCity": {
      "type": "String",
      "required": false,
      "length": 25,
      "precision": null,
      "scale": null,
      "mysql": {
        "columnName": "stu_curr_city",
        "dataType": "varchar",
        "dataLength": 25,
        "dataPrecision": null,
        "dataScale": null,
        "nullable": "Y"
      },
      "_selectable": true
    },
    "stuCurrState": {
      "type": "String",
      "required": false,
      "length": 25,
      "precision": null,
      "scale": null,
      "mysql": {
        "columnName": "stu_curr_state",
        "dataType": "varchar",
        "dataLength": 25,
        "dataPrecision": null,
        "dataScale": null,
        "nullable": "Y"
      },
      "_selectable": true
    },
    "stuCurrCountry": {
      "type": "String",
      "required": false,
      "length": 25,
      "precision": null,
      "scale": null,
      "mysql": {
        "columnName": "stu_curr_country",
        "dataType": "varchar",
        "dataLength": 25,
        "dataPrecision": null,
        "dataScale": null,
        "nullable": "Y"
      },
      "_selectable": true
    },
    "stuCurrPincode": {
      "type": "String",
      "required": false,
      "length": 10,
      "precision": null,
      "scale": null,
      "mysql": {
        "columnName": "stu_curr_pincode",
        "dataType": "varchar",
        "dataLength": 10,
        "dataPrecision": null,
        "dataScale": null,
        "nullable": "Y"
      },
      "_selectable": true
    },
    "stuGender": {
      "type": "String",
      "required": false,
      "length": 10,
      "precision": null,
      "scale": null,
      "mysql": {
        "columnName": "stu_gender",
        "dataType": "varchar",
        "dataLength": 10,
        "dataPrecision": null,
        "dataScale": null,
        "nullable": "Y"
      },
      "_selectable": true
    },
    "stuDob": {
      "type": "Date",
      "required": false,
      "length": null,
      "precision": null,
      "scale": null,
      "mysql": {
        "columnName": "stu_dob",
        "dataType": "date",
        "dataLength": null,
        "dataPrecision": null,
        "dataScale": null,
        "nullable": "Y"
      },
      "_selectable": true
    },
    "stuEmail": {
      "type": "String",
      "required": true,
      "length": 45,
      "precision": null,
      "scale": null,
      "mysql": {
        "columnName": "stu_email",
        "dataType": "varchar",
        "dataLength": 45,
        "dataPrecision": null,
        "dataScale": null,
        "nullable": "N"
      },
      "_selectable": true
    },
    "stuBloodgroup": {
      "type": "String",
      "required": false,
      "length": 5,
      "precision": null,
      "scale": null,
      "mysql": {
        "columnName": "stu_bloodgroup",
        "dataType": "varchar",
        "dataLength": 5,
        "dataPrecision": null,
        "dataScale": null,
        "nullable": "Y"
      },
      "_selectable": true
    },
    "stuReligion": {
      "type": "String",
      "required": false,
      "length": 20,
      "precision": null,
      "scale": null,
      "mysql": {
        "columnName": "stu_religion",
        "dataType": "varchar",
        "dataLength": 20,
        "dataPrecision": null,
        "dataScale": null,
        "nullable": "Y"
      },
      "_selectable": true
    },
    "stuAdmissiondate": {
      "type": "Date",
      "required": false,
      "length": null,
      "precision": null,
      "scale": null,
      "mysql": {
        "columnName": "stu_admissiondate",
        "dataType": "date",
        "dataLength": null,
        "dataPrecision": null,
        "dataScale": null,
        "nullable": "Y"
      },
      "_selectable": true
    },
    "stuPhoto": {
      "type": "Binary",
      "required": false,
      "length": 65535,
      "precision": null,
      "scale": null,
      "mysql": {
        "columnName": "stu_photo",
        "dataType": "blob",
        "dataLength": 65535,
        "dataPrecision": null,
        "dataScale": null,
        "nullable": "Y"
      },
      "_selectable": true
    },
    "stuMobile": {
      "type": "String",
      "required": false,
      "length": 14,
      "precision": null,
      "scale": null,
      "mysql": {
        "columnName": "stu_mobile",
        "dataType": "varchar",
        "dataLength": 14,
        "dataPrecision": null,
        "dataScale": null,
        "nullable": "Y"
      },
      "_selectable": true
    },
    "stuNationality": {
      "type": "String",
      "required": false,
      "length": 20,
      "precision": null,
      "scale": null,
      "mysql": {
        "columnName": "stu_nationality",
        "dataType": "varchar",
        "dataLength": 20,
        "dataPrecision": null,
        "dataScale": null,
        "nullable": "Y"
      },
      "_selectable": true
    },
    "stuCategory": {
      "type": "String",
      "required": false,
      "length": 15,
      "precision": null,
      "scale": null,
      "mysql": {
        "columnName": "stu_category",
        "dataType": "varchar",
        "dataLength": 15,
        "dataPrecision": null,
        "dataScale": null,
        "nullable": "Y"
      },
      "_selectable": true
    },
    "studentFatherFname": {
      "type": "String",
      "required": false,
      "length": 50,
      "precision": null,
      "scale": null,
      "mysql": {
        "columnName": "student_father_fname",
        "dataType": "varchar",
        "dataLength": 50,
        "dataPrecision": null,
        "dataScale": null,
        "nullable": "Y"
      },
      "_selectable": true
    },
    "studentFatherMname": {
      "type": "String",
      "required": false,
      "length": 50,
      "precision": null,
      "scale": null,
      "mysql": {
        "columnName": "student_father_mname",
        "dataType": "varchar",
        "dataLength": 50,
        "dataPrecision": null,
        "dataScale": null,
        "nullable": "Y"
      },
      "_selectable": true
    },
    "studentFatherLname": {
      "type": "String",
      "required": false,
      "length": 50,
      "precision": null,
      "scale": null,
      "mysql": {
        "columnName": "student_father_lname",
        "dataType": "varchar",
        "dataLength": 50,
        "dataPrecision": null,
        "dataScale": null,
        "nullable": "Y"
      },
      "_selectable": true
    },
    "studentFatherOccupation": {
      "type": "String",
      "required": false,
      "length": 45,
      "precision": null,
      "scale": null,
      "mysql": {
        "columnName": "student_father_occupation",
        "dataType": "varchar",
        "dataLength": 45,
        "dataPrecision": null,
        "dataScale": null,
        "nullable": "Y"
      },
      "_selectable": true
    },
    "studentFatherContact": {
      "type": "String",
      "required": false,
      "length": 15,
      "precision": null,
      "scale": null,
      "mysql": {
        "columnName": "student_father_contact",
        "dataType": "varchar",
        "dataLength": 15,
        "dataPrecision": null,
        "dataScale": null,
        "nullable": "Y"
      },
      "_selectable": true
    },
    "studentFatherAnnualIncome": {
      "type": "Number",
      "required": false,
      "length": null,
      "precision": 12,
      "scale": null,
      "mysql": {
        "columnName": "student_father_annual_income",
        "dataType": "float",
        "dataLength": null,
        "dataPrecision": 12,
        "dataScale": null,
        "nullable": "Y"
      },
      "_selectable": true
    },
    "studentMotherFname": {
      "type": "String",
      "required": false,
      "length": 50,
      "precision": null,
      "scale": null,
      "mysql": {
        "columnName": "student_mother_fname",
        "dataType": "varchar",
        "dataLength": 50,
        "dataPrecision": null,
        "dataScale": null,
        "nullable": "Y"
      },
      "_selectable": true
    },
    "studentMotherMname": {
      "type": "String",
      "required": false,
      "length": 50,
      "precision": null,
      "scale": null,
      "mysql": {
        "columnName": "student_mother_mname",
        "dataType": "varchar",
        "dataLength": 50,
        "dataPrecision": null,
        "dataScale": null,
        "nullable": "Y"
      },
      "_selectable": true
    },
    "studentMotherLname": {
      "type": "String",
      "required": false,
      "length": 50,
      "precision": null,
      "scale": null,
      "mysql": {
        "columnName": "student_mother_lname",
        "dataType": "varchar",
        "dataLength": 50,
        "dataPrecision": null,
        "dataScale": null,
        "nullable": "Y"
      },
      "_selectable": true
    },
    "studentIsNational": {
      "type": "Binary",
      "required": false,
      "length": null,
      "precision": 1,
      "scale": null,
      "mysql": {
        "columnName": "student_is_national",
        "dataType": "bit",
        "dataLength": null,
        "dataPrecision": 1,
        "dataScale": null,
        "nullable": "Y"
      },
      "_selectable": true
    },
    "fcurrsem": {
      "type": "Number",
      "required": false,
      "length": null,
      "precision": 10,
      "scale": 0,
      "mysql": {
        "columnName": "fCurrSem",
        "dataType": "int",
        "dataLength": null,
        "dataPrecision": 10,
        "dataScale": 0,
        "nullable": "Y"
      },
      "_selectable": true
    },
    "fCourseId": {
      "type": "Number",
      "required": true,
      "length": null,
      "precision": 10,
      "scale": 0,
      "mysql": {
        "columnName": "f_course_id",
        "dataType": "int",
        "dataLength": null,
        "dataPrecision": 10,
        "dataScale": 0,
        "nullable": "N"
      },
      "_selectable": false
    },
    "fDeptId": {
      "type": "Number",
      "required": true,
      "length": null,
      "precision": 10,
      "scale": 0,
      "mysql": {
        "columnName": "f_dept_id",
        "dataType": "int",
        "dataLength": null,
        "dataPrecision": 10,
        "dataScale": 0,
        "nullable": "N"
      },
      "_selectable": false
    },
    "stuStatus": {
      "type": "Number",
      "required": false,
      "length": null,
      "precision": 3,
      "scale": 0,
      "mysql": {
        "columnName": "stu_status",
        "dataType": "tinyint",
        "dataLength": null,
        "dataPrecision": 3,
        "dataScale": 0,
        "nullable": "Y"
      },
      "_selectable": true
    }
  },
  "validations": [],
  "relations": {
    "studentGuardianInfos": {
      "type": "hasMany",
      "model": "StudentGuardianInfo",
      "foreignKey": "stuId",
      "options": {
        "nestRemoting": true
      }
    },
    "studentPastAcadrecords": {
      "type": "hasMany",
      "model": "StudentPastAcadrecord",
      "foreignKey": "stuId",
      "options": {
        "nestRemoting": true
      }
    },
    "studentAllocations": {
      "type": "hasMany",
      "model": "StudentAllocation",
      "foreignKey": "studentId",
      "options": {
        "nestRemoting": true
      }
    }
  },
  "acls": [],
  "methods": {}
}
