{
  "name": "UserAccount",
  "base": "User",
  "idInjection": true,
  "options": {
    "validateUpsert": true
  },
  "properties": {
    "userType": {
      "type": "Number",
      "length": null,
      "scale": 0,
      "mysql": {
        "columnName": "usertype",
        "dataType": "int",
        "dataLength": null,
        "dataPrecision": 2,
        "dataScale": 0,
        "nullable": "N"
      }
    }
  },
  "validations": [],
  "relations": {
    "userroles": {
      "type": "hasMany",
      "model": "Userrole",
      "foreignKey": "userId",
      "options": {
        "nestRemoting": true
      },
      "through": "Userrolemapping"
    }
  },
  "acls": [
    {
      "accessType": "*",
      "principalType": "ROLE",
      "principalId": "$authenticated",
      "permission": "ALLOW"
    }
  ],
  "methods": {}
}
