{
  "name": "cmsdbv1",
  "version": "1.0.0",
  "main": "server/server.js",
  "engines": {
    "node": ">=4"
  },
  "scripts": {
    "lint": "eslint .",
    "start": "node .",
    "posttest": "npm run lint"
  },
  "dependencies": {
    "compression": "^1.0.3",
    "cors": "^2.5.2",
    "helmet": "^3.10.0",
    "loopback": "^3.19.0",
    "loopback-boot": "^2.6.5",
    "loopback-component-explorer": "^6.0.0",
    "loopback-component-storage": "^3.5.0",
    "loopback-connector-mysql": "^5.3.1",
    "mysql": "^2.16.0",
    "nodemon": "^1.18.10",
    "serve-favicon": "^2.0.1",
    "strong-error-handler": "^3.0.0",
    "xlsx": "^0.14.1"
  },
  "devDependencies": {
    "eslint": "^3.17.1",
    "eslint-config-loopback": "^8.0.0"
  },
  "repository": {
    "type": "",
    "url": ""
  },
  "license": "UNLICENSED",
  "description": "cmsdbv1"
}
