{
  "db": {
    "name": "db",
    "connector": "memory"
  },
  "apiproofstorage": {
    "name": "apiproofstorage",
    "connector": "loopback-component-storage",
    "provider": "filesystem",
    "root": "./apiproof"
  },
  "storage": {
    "name": "storage",
    "connector": "loopback-component-storage",
    "provider": "filesystem",
    "root": "./"
  },
  "cmsdbdtsource": {
    "host": "localhost",
    "port": 3306,
    "url": "",
    "database": "cmsdb_test",
    "password": "root",
    "name": "cmsdbdtsource",
    "user": "root",
    "connector": "mysql"
  },
  "emailID": {
    "name": "emailID",
    "connector": "mail",
    "transports": [
      {
        "type": "smtp",
        "host": "smtp.gmail.com",
        "secure": true,
        "port": 465,
        "auth": {
          "user": "cmsusergit@gmail.com",
          "pass": "cmsuser@1248"
        }
      }
    ]
  }
}
