{
  "_meta": {
    "sources": [
      "loopback/common/models",
      "loopback/server/models",
      "../common/models",
      "./models"
    ],
    "mixins": [
      "loopback/common/mixins",
      "loopback/server/mixins",
      "../common/mixins",
      "./mixins"
    ]
  },
  "User": {
    "dataSource": "db"
  },
  "AccessToken": {
    "dataSource": "cmsdbdtsource",
    "public": false
  },
  "ACL": {
    "dataSource": "cmsdbdtsource",
    "public": false
  },
  "RoleMapping": {
    "dataSource": "cmsdbdtsource",
    "public": false,
    "options": {
      "strictObjectIDCoercion": true
    }
  },
  "Role": {
    "dataSource": "cmsdbdtsource",
    "public": false
  },
  "OrganizationInfo": {
    "dataSource": "cmsdbdtsource",
    "public": true
  },
  "TeachingSchemeLoadDetail": {
    "dataSource": "cmsdbdtsource",
    "public": true
  },
  "container": {
    "dataSource": "storage",
    "public": true
  },
  "apicontainer": {
    "dataSource": "apiproofstorage",
    "public": true
  },
  "SubjectInfo": {
    "dataSource": "cmsdbdtsource",
    "public": true
  },
  "DdClassSchedule": {
    "dataSource": "cmsdbdtsource",
    "public": true
  },
  "TeachingLoadInfo": {
    "dataSource": "cmsdbdtsource",
    "public": true
  },
  "FacultyPersonalInfo": {
    "dataSource": "cmsdbdtsource",
    "public": true
  },
  "StudentGuardianInfo": {
    "dataSource": "cmsdbdtsource",
    "public": true
  },
  "AttndanceInfo": {
    "dataSource": "cmsdbdtsource",
    "public": true
  },
  "EmpEducationDetail": {
    "dataSource": "cmsdbdtsource",
    "public": true
  },
  "Email": {
    "dataSource": "emailID"
  },
  "CourseInfo": {
    "dataSource": "cmsdbdtsource",
    "public": true
  },
  "DepartmentInfo": {
    "dataSource": "cmsdbdtsource",
    "public": true
  },
  "TimeTableInfo": {
    "dataSource": "cmsdbdtsource",
    "public": true
  },
  "EmpProfile": {
    "dataSource": "cmsdbdtsource",
    "public": true
  },
  "StudentBatchInfo": {
    "dataSource": "cmsdbdtsource",
    "public": true
  },
  "StudentClassInfo": {
    "dataSource": "cmsdbdtsource",
    "public": true
  },
  "StudentAcadProgress": {
    "dataSource": "cmsdbdtsource",
    "public": true
  },
  "StudentInfo": {
    "dataSource": "cmsdbdtsource",
    "public": true
  },
  "StudentAllocation": {
    "dataSource": "cmsdbdtsource",
    "public": true
  },
  "Userrole": {
    "dataSource": "cmsdbdtsource",
    "public": true
  },
  "Userrolemapping": {
    "dataSource": "cmsdbdtsource",
    "public": true
  },
  "StudentPastAcadrecord": {
    "dataSource": "cmsdbdtsource",
    "public": true
  },
  "CourseObj": {
    "dataSource": "cmsdbdtsource",
    "public": true
  },
  "LpTopic": {
    "dataSource": "cmsdbdtsource",
    "public": true
  },
  "LpId": {
    "dataSource": "cmsdbdtsource",
    "public": true
  },
  "LpUnit": {
    "dataSource": "cmsdbdtsource",
    "public": true
  },
  "TtLocationInfo": {
    "dataSource": "cmsdbdtsource",
    "public": true
  },
  "Loadcalc": {
    "dataSource": "cmsdbdtsource",
    "public": true
  },
  "LoadcalcDept": {
    "dataSource": "cmsdbdtsource",
    "public": true
  },
  "AcademicYearInfo": {
    "dataSource": "cmsdbdtsource",
    "public": true
  },
  "EmpDesignation": {
    "dataSource": "cmsdbdtsource",
    "public": true
  },
  "UserAccount": {
    "dataSource": "cmsdbdtsource",
    "public": true
  },
  "Circular": {
    "dataSource": "cmsdbdtsource",
    "public": true
  },
  "Todo": {
    "dataSource": "cmsdbdtsource",
    "public": true
  },
  "TimetableRecordInfo": {
    "dataSource": "cmsdbdtsource",
    "public": true
  },
  "ProxyInfo": {
    "dataSource": "cmsdbdtsource",
    "public": true
  },
  "ApiAyear": {
    "dataSource": "cmsdbdtsource",
    "public": true
  },
  "ApiEmployee": {
    "dataSource": "cmsdbdtsource",
    "public": true
  },
  "ApiMeta": {
    "dataSource": "cmsdbdtsource",
    "public": true
  },
  "ApiObservationHod": {
    "dataSource": "cmsdbdtsource",
    "public": true
  },
  "ApiParamHod": {
    "dataSource": "cmsdbdtsource",
    "public": true
  },
  "ApiTeaching": {
    "dataSource": "cmsdbdtsource",
    "public": true
  },
  "ApiObservationPrincipal": {
    "dataSource": "cmsdbdtsource",
    "public": true
  },
  "ApiParamPrincipal": {
    "dataSource": "cmsdbdtsource",
    "public": true
  },
  "FdpDetail": {
    "dataSource": "cmsdbdtsource",
    "public": true
  }
}
